{
"lengthUnit": "mil",
"remark": [],
"components": {
	"fields": ["COMPONENT_NO", "COMPONENT_NAME", "LAYER", "X_COORDINATE", "Y_COORDINATE", "ANGLE"],
	"rows": [
		[1, "1", "T", 1500, 1345, 0],
		[2, "C1", "T", 1870, 3090, 0],
		[3, "C2", "B", 1505, 3235, 180],
		[4, "GPS", "B", 2860, 2590, 180],
		[5, "MOD1", "B", 2790, 1420, 180],
		[6, "SCREW1", "T", 559.6863, 1167.1118, 0],
		[7, "SW1", "T", 930, 3165, 0],
		[8, "U1", "B", 815, 2615, 90],
		[9, "U2", "T", 1235, 2125, 0],
		[10, "U4", "T", 2640, 2230, 90],
		[11, "U5", "T", 570, 1485, 0],
		[12, "PAD1", "T", 2100, 1495, 0],
		[13, "PAD1", "B", 2100, 1495, 0],
		[14, "PAD2", "T", 2100, 1195, 0],
		[15, "PAD2", "B", 2100, 1195, 0],
		[16, "PAD3", "T", 900, 1195, 0],
		[17, "PAD3", "B", 900, 1195, 0],
		[18, "PAD4", "T", 900, 1495, 0],
		[19, "PAD4", "B", 900, 1495, 0],
		[20, "PAD5", "T", 1835, 1825, 0],
		[21, "PAD5", "B", 1835, 1825, 0],
		[22, "PAD6", "T", 635, 1825, 0],
		[23, "PAD6", "B", 635, 1825, 0],
		[24, "PAD7", "T", 935, 2425, 0],
		[25, "PAD7", "B", 935, 2425, 0],
		[26, "PAD8", "T", 1335, 2425, 0],
		[27, "PAD8", "B", 1335, 2425, 0],
		[28, "PAD9", "T", 1535, 2425, 0],
		[29, "PAD9", "B", 1535, 2425, 0],
		[30, "PAD10", "T", 1635, 2425, 0],
		[31, "PAD10", "B", 1635, 2425, 0],
		[32, "PAD11", "T", 1235, 2425, 0],
		[33, "PAD11", "B", 1235, 2425, 0],
		[34, "PAD12", "T", 1035, 2425, 0],
		[35, "PAD12", "B", 1035, 2425, 0],
		[36, "PAD13", "T", 1935, 1825, 0],
		[37, "PAD13", "B", 1935, 1825, 0],
		[38, "PAD14", "T", 2286.03, 2972.95, 0],
		[39, "PAD14", "B", 2286.03, 2972.95, 0],
		[40, "PAD15", "T", 2986.03, 2972.95, 0],
		[41, "PAD15", "B", 2986.03, 2972.95, 0],
		[42, "PAD16", "T", 2986.03, 1372.95, 0],
		[43, "PAD16", "B", 2986.03, 1372.95, 0],
		[44, "PAD17", "T", 2286.03, 1372.95, 0],
		[45, "PAD17", "B", 2286.03, 1372.95, 0],
		[46, "PAD18", "T", 672.36, 1550.157, 0],
		[47, "PAD19", "T", 467.64, 1419.847, 0],
		[48, "PAD20", "T", 1870, 3075, 0],
		[49, "PAD20", "B", 1870, 3075, 0],
		[50, "PAD21", "T", 1870, 2780, 0],
		[51, "PAD21", "B", 1870, 2780, 0],
		[52, "PAD22", "T", 1505, 3135, 0],
		[53, "PAD23", "T", 1505, 3235, 0],
		[54, "PAD23", "B", 1505, 3235, 0],
		[55, "PAD24", "T", 3010, 3215, 0],
		[56, "PAD24", "B", 3010, 3215, 0],
		[57, "PAD25", "T", 2910, 3215, 0],
		[58, "PAD25", "B", 2910, 3215, 0],
		[59, "PAD26", "T", 2810, 3215, 0],
		[60, "PAD26", "B", 2810, 3215, 0],
		[61, "PAD27", "T", 2710, 3215, 0],
		[62, "PAD27", "B", 2710, 3215, 0],
		[63, "PAD28", "T", 3223.07, 1164.1, 0],
		[64, "PAD28", "B", 3223.07, 1164.1, 0],
		[65, "PAD29", "T", 3223.07, 1262.52, 0],
		[66, "PAD29", "B", 3223.07, 1262.52, 0],
		[67, "PAD30", "T", 3223.07, 1360.95, 0],
		[68, "PAD30", "B", 3223.07, 1360.95, 0],
		[69, "PAD31", "T", 3223.07, 1557.8, 0],
		[70, "PAD31", "B", 3223.07, 1557.8, 0],
		[71, "PAD32", "T", 1256.69, 3226.22, 0],
		[72, "PAD32", "B", 1256.69, 3226.22, 0],
		[73, "PAD33", "T", 1256.69, 2683.66, 0],
		[74, "PAD33", "B", 1256.69, 2683.66, 0],
		[75, "PAD34", "T", 930, 3165, 0],
		[76, "PAD34", "B", 930, 3165, 0],
		[77, "PAD35", "T", 1048.11, 3165, 0],
		[78, "PAD35", "B", 1048.11, 3165, 0]
	]
},
"pins": {
	"fields": ["PIN_NO", "PIN_NAME", "PIN_X", "PIN_Y", "LAYER", "PIN_TYPE", "NET_NAME", "NET_TYPE", "PAD_SHAPE", "PAD_SIZEX", "PAD_SIZEY", "HOLE_SIZE", "HOLE_LEN", "PAD_ANGLE"],
	"rows": [
		[1, "1_IN+", 2100, 1495, "T", "DIP", "$1N2", "", "R", 118.11, 118.11, 78.74, 78.94, 0],
		[2, "1_IN+", 2100, 1495, "B", "DIP", "$1N2", "", "R", 118.11, 118.11, 78.74, 78.94, 0],
		[3, "1_IN-", 2100, 1195, "T", "DIP", "$1N861", "", "R", 118.11, 118.11, 78.74, 78.94, 0],
		[4, "1_IN-", 2100, 1195, "B", "DIP", "$1N861", "", "R", 118.11, 118.11, 78.74, 78.94, 0],
		[5, "1_OUT+", 900, 1495, "T", "DIP", "$1N5", "", "R", 118.11, 118.11, 78.74, 78.94, 0],
		[6, "1_OUT+", 900, 1495, "B", "DIP", "$1N5", "", "R", 118.11, 118.11, 78.74, 78.94, 0],
		[7, "1_OUT-", 900, 1195, "T", "DIP", "$1N6", "", "R", 118.11, 118.11, 78.74, 78.94, 0],
		[8, "1_OUT-", 900, 1195, "B", "DIP", "$1N6", "", "R", 118.11, 118.11, 78.74, 78.94, 0],
		[9, "C1_1", 1870, 3075, "T", "DIP", "$1N725", "", "C", 60, 60, 36, 36, 180],
		[10, "C1_1", 1870, 3075, "B", "DIP", "$1N725", "", "C", 60, 60, 36, 36, 180],
		[11, "C1_2", 1870, 2780, "T", "DIP", "$1N718", "", "C", 60, 60, 36, 36, 180],
		[12, "C1_2", 1870, 2780, "B", "DIP", "$1N718", "", "C", 60, 60, 36, 36, 180],
		[13, "C2_1", 1505, 3235, "T", "DIP", "$1N725", "", "R", 62.992, 62.992, 31.496, 31.496, 0],
		[14, "C2_1", 1505, 3235, "B", "DIP", "$1N725", "", "R", 62.992, 62.992, 31.496, 31.496, 0],
		[15, "C2_2", 1505, 3135, "T", "SMD", "$1N718", "", "R", 62.992, 62.992, 0, 0, 0],
		[16, "GPS_1", 3010, 3215, "T", "DIP", "$1N886", "", "C", 60, 60, 36, 36, 0],
		[17, "GPS_1", 3010, 3215, "B", "DIP", "$1N886", "", "C", 60, 60, 36, 36, 0],
		[18, "GPS_2", 2910, 3215, "T", "DIP", "$1N12", "", "C", 60, 60, 36, 36, 0],
		[19, "GPS_2", 2910, 3215, "B", "DIP", "$1N12", "", "C", 60, 60, 36, 36, 0],
		[20, "GPS_3", 2810, 3215, "T", "DIP", "$1N11", "", "C", 60, 60, 36, 36, 0],
		[21, "GPS_3", 2810, 3215, "B", "DIP", "$1N11", "", "C", 60, 60, 36, 36, 0],
		[22, "GPS_4", 2710, 3215, "T", "DIP", "$1N6", "", "C", 60, 60, 36, 36, 0],
		[23, "GPS_4", 2710, 3215, "B", "DIP", "$1N6", "", "C", 60, 60, 36, 36, 0],
		[24, "MOD1_DTR", 2396.3, 1459.37, "T", "DIP", "NET_1", "", "C", 51.5, 51.5, 31.5, 31.7, 0],
		[25, "MOD1_DTR", 2396.3, 1459.37, "B", "DIP", "NET_1", "", "C", 51.5, 51.5, 31.5, 31.7, 0],
		[26, "MOD1_GND", 3223.07, 1164.1, "T", "DIP", "$1N725", "", "C", 51.5, 51.5, 31.5, 31.7, 0],
		[27, "MOD1_GND", 3223.07, 1164.1, "B", "DIP", "$1N725", "", "C", 51.5, 51.5, 31.5, 31.7, 0],
		[28, "MOD1_MIC+", 2396.3, 1360.95, "T", "DIP", "NET_2", "", "C", 51.5, 51.5, 31.5, 31.7, 0],
		[29, "MOD1_MIC+", 2396.3, 1360.95, "B", "DIP", "NET_2", "", "C", 51.5, 51.5, 31.5, 31.7, 0],
		[30, "MOD1_MIC-", 2396.3, 1262.52, "T", "DIP", "NET_3", "", "C", 51.5, 51.5, 31.5, 31.7, 0],
		[31, "MOD1_MIC-", 2396.3, 1262.52, "B", "DIP", "NET_3", "", "C", 51.5, 51.5, 31.5, 31.7, 0],
		[32, "MOD1_NET", 3223.07, 1656.22, "T", "DIP", "NET_4", "", "R", 51.5, 51.5, 31.5, 31.7, 0],
		[33, "MOD1_NET", 3223.07, 1656.22, "B", "DIP", "NET_4", "", "R", 51.5, 51.5, 31.5, 31.7, 0],
		[34, "MOD1_RING", 2396.3, 1557.8, "T", "DIP", "NET_5", "", "R", 51.5, 51.5, 31.5, 31.7, 0],
		[35, "MOD1_RING", 2396.3, 1557.8, "B", "DIP", "NET_5", "", "R", 51.5, 51.5, 31.5, 31.7, 0],
		[36, "MOD1_RST", 3223.07, 1459.37, "T", "DIP", "NET_6", "", "C", 51.5, 51.5, 31.5, 31.7, 0],
		[37, "MOD1_RST", 3223.07, 1459.37, "B", "DIP", "NET_6", "", "C", 51.5, 51.5, 31.5, 31.7, 0],
		[38, "MOD1_RX", 3223.07, 1360.95, "T", "DIP", "$1N654", "", "C", 51.5, 51.5, 31.5, 31.7, 0],
		[39, "MOD1_RX", 3223.07, 1360.95, "B", "DIP", "$1N654", "", "C", 51.5, 51.5, 31.5, 31.7, 0],
		[40, "MOD1_SPK+", 2396.3, 1164.1, "T", "DIP", "NET_7", "", "C", 51.5, 51.5, 31.5, 31.7, 0],
		[41, "MOD1_SPK+", 2396.3, 1164.1, "B", "DIP", "NET_7", "", "C", 51.5, 51.5, 31.5, 31.7, 0],
		[42, "MOD1_SPK-", 2396.3, 1065.67, "T", "DIP", "NET_8", "", "C", 51.5, 51.5, 31.5, 31.7, 0],
		[43, "MOD1_SPK-", 2396.3, 1065.67, "B", "DIP", "NET_8", "", "C", 51.5, 51.5, 31.5, 31.7, 0],
		[44, "MOD1_TX", 3223.07, 1262.52, "T", "DIP", "$1N646", "", "C", 51.5, 51.5, 31.5, 31.7, 0],
		[45, "MOD1_TX", 3223.07, 1262.52, "B", "DIP", "$1N646", "", "C", 51.5, 51.5, 31.5, 31.7, 0],
		[46, "MOD1_VCC", 3223.07, 1557.8, "T", "DIP", "$1N718", "", "C", 51.5, 51.5, 31.5, 31.7, 0],
		[47, "MOD1_VCC", 3223.07, 1557.8, "B", "DIP", "$1N718", "", "C", 51.5, 51.5, 31.5, 31.7, 0],
		[48, "SCREW1_1", 559.6863, 1167.1118, "T", "DIP", "NET_9", "", "C", 126, 126, 126, 126, 0],
		[49, "SCREW1_1", 559.6863, 1167.1118, "B", "DIP", "NET_9", "", "C", 126, 126, 126, 126, 0],
		[50, "SW1_1", 811.89, 3165, "T", "DIP", "NET_10", "", "O", 90.551, 47.244, 23.622, 66.929, 0],
		[51, "SW1_1", 811.89, 3165, "B", "DIP", "NET_10", "", "O", 90.551, 47.244, 23.622, 66.929, 0],
		[52, "SW1_2", 930, 3165, "T", "DIP", "$1N849", "", "O", 90.551, 47.244, 23.622, 66.929, 0],
		[53, "SW1_2", 930, 3165, "B", "DIP", "$1N849", "", "O", 90.551, 47.244, 23.622, 66.929, 0],
		[54, "SW1_3", 1048.11, 3165, "T", "DIP", "$1N861", "", "O", 90.551, 47.244, 23.622, 66.929, 0],
		[55, "SW1_3", 1048.11, 3165, "B", "DIP", "$1N861", "", "O", 90.551, 47.244, 23.622, 66.929, 0],
		[56, "U1_1", 362.99, 2684.41, "T", "DIP", "NET_11", "", "C", 94.488, 94.488, 39.37, 39.37, 180],
		[57, "U1_1", 362.99, 2684.41, "B", "DIP", "NET_11", "", "C", 94.488, 94.488, 39.37, 39.37, 180],
		[58, "U1_2", 362.99, 3226.97, "T", "DIP", "NET_12", "", "R", 94.488, 94.488, 39.37, 39.37, 90],
		[59, "U1_2", 362.99, 3226.97, "B", "DIP", "NET_12", "", "R", 94.488, 94.488, 39.37, 39.37, 90],
		[60, "U1_3", 1256.69, 2683.66, "T", "DIP", "$1N849", "", "C", 94.488, 94.488, 39.37, 39.37, 180],
		[61, "U1_3", 1256.69, 2683.66, "B", "DIP", "$1N849", "", "C", 94.488, 94.488, 39.37, 39.37, 180],
		[62, "U1_4", 1256.69, 2812.84, "T", "DIP", "NET_13", "", "C", 94.488, 94.488, 39.37, 39.37, 180],
		[63, "U1_4", 1256.69, 2812.84, "B", "DIP", "NET_13", "", "C", 94.488, 94.488, 39.37, 39.37, 180],
		[64, "U1_5", 1256.69, 3100.27, "T", "DIP", "NET_14", "", "R", 94.488, 94.488, 39.37, 39.37, 90],
		[65, "U1_5", 1256.69, 3100.27, "B", "DIP", "NET_14", "", "R", 94.488, 94.488, 39.37, 39.37, 90],
		[66, "U1_6", 1256.69, 3226.22, "T", "DIP", "$1N2", "", "R", 94.488, 94.488, 39.37, 39.37, 90],
		[67, "U1_6", 1256.69, 3226.22, "B", "DIP", "$1N2", "", "R", 94.488, 94.488, 39.37, 39.37, 90],
		[68, "U2_1", 1935, 2425, "T", "DIP", "NET_15", "", "R", 62.992, 62.992, 35.434, 35.434, 0],
		[69, "U2_1", 1935, 2425, "B", "DIP", "NET_15", "", "R", 62.992, 62.992, 35.434, 35.434, 0],
		[70, "U2_2", 1835, 2425, "T", "DIP", "NET_16", "", "C", 62.992, 62.992, 35.434, 35.434, 0],
		[71, "U2_2", 1835, 2425, "B", "DIP", "NET_16", "", "C", 62.992, 62.992, 35.434, 35.434, 0],
		[72, "U2_3", 1735, 2425, "T", "DIP", "NET_17", "", "C", 62.992, 62.992, 35.434, 35.434, 0],
		[73, "U2_3", 1735, 2425, "B", "DIP", "NET_17", "", "C", 62.992, 62.992, 35.434, 35.434, 0],
		[74, "U2_4", 1635, 2425, "T", "DIP", "$1N8", "", "C", 62.992, 62.992, 35.434, 35.434, 0],
		[75, "U2_4", 1635, 2425, "B", "DIP", "$1N8", "", "C", 62.992, 62.992, 35.434, 35.434, 0],
		[76, "U2_5", 1535, 2425, "T", "DIP", "$1N7", "", "C", 62.992, 62.992, 35.434, 35.434, 0],
		[77, "U2_5", 1535, 2425, "B", "DIP", "$1N7", "", "C", 62.992, 62.992, 35.434, 35.434, 0],
		[78, "U2_6", 1435, 2425, "T", "DIP", "NET_18", "", "C", 62.992, 62.992, 35.434, 35.434, 0],
		[79, "U2_6", 1435, 2425, "B", "DIP", "NET_18", "", "C", 62.992, 62.992, 35.434, 35.434, 0],
		[80, "U2_7", 1335, 2425, "T", "DIP", "$1N11", "", "C", 62.992, 62.992, 35.434, 35.434, 0],
		[81, "U2_7", 1335, 2425, "B", "DIP", "$1N11", "", "C", 62.992, 62.992, 35.434, 35.434, 0],
		[82, "U2_8", 1235, 2425, "T", "DIP", "$1N12", "", "C", 62.992, 62.992, 35.434, 35.434, 0],
		[83, "U2_8", 1235, 2425, "B", "DIP", "$1N12", "", "C", 62.992, 62.992, 35.434, 35.434, 0],
		[84, "U2_9", 1135, 2425, "T", "DIP", "NET_19", "", "C", 62.992, 62.992, 35.434, 35.434, 0],
		[85, "U2_9", 1135, 2425, "B", "DIP", "NET_19", "", "C", 62.992, 62.992, 35.434, 35.434, 0],
		[86, "U2_10", 1035, 2425, "T", "DIP", "$1N646", "", "C", 62.992, 62.992, 35.434, 35.434, 0],
		[87, "U2_10", 1035, 2425, "B", "DIP", "$1N646", "", "C", 62.992, 62.992, 35.434, 35.434, 0],
		[88, "U2_11", 935, 2425, "T", "DIP", "$1N654", "", "C", 62.992, 62.992, 35.434, 35.434, 0],
		[89, "U2_11", 935, 2425, "B", "DIP", "$1N654", "", "C", 62.992, 62.992, 35.434, 35.434, 0],
		[90, "U2_12", 835, 2425, "T", "DIP", "NET_20", "", "C", 62.992, 62.992, 35.434, 35.434, 0],
		[91, "U2_12", 835, 2425, "B", "DIP", "NET_20", "", "C", 62.992, 62.992, 35.434, 35.434, 0],
		[92, "U2_13", 735, 2425, "T", "DIP", "NET_21", "", "C", 62.992, 62.992, 35.434, 35.434, 0],
		[93, "U2_13", 735, 2425, "B", "DIP", "NET_21", "", "C", 62.992, 62.992, 35.434, 35.434, 0],
		[94, "U2_14", 635, 2425, "T", "DIP", "NET_22", "", "C", 62.992, 62.992, 35.434, 35.434, 0],
		[95, "U2_14", 635, 2425, "B", "DIP", "NET_22", "", "C", 62.992, 62.992, 35.434, 35.434, 0],
		[96, "U2_15", 535, 2425, "T", "DIP", "NET_23", "", "C", 62.992, 62.992, 35.434, 35.434, 0],
		[97, "U2_15", 535, 2425, "B", "DIP", "NET_23", "", "C", 62.992, 62.992, 35.434, 35.434, 0],
		[98, "U2_16", 535, 1825, "T", "DIP", "NET_24", "", "C", 62.992, 62.992, 35.434, 35.434, 0],
		[99, "U2_16", 535, 1825, "B", "DIP", "NET_24", "", "C", 62.992, 62.992, 35.434, 35.434, 0],
		[100, "U2_17", 635, 1825, "T", "DIP", "$1N886", "", "C", 62.992, 62.992, 35.434, 35.434, 0],
		[101, "U2_17", 635, 1825, "B", "DIP", "$1N886", "", "C", 62.992, 62.992, 35.434, 35.434, 0],
		[102, "U2_18", 735, 1825, "T", "DIP", "NET_25", "", "C", 62.992, 62.992, 35.434, 35.434, 0],
		[103, "U2_18", 735, 1825, "B", "DIP", "NET_25", "", "C", 62.992, 62.992, 35.434, 35.434, 0],
		[104, "U2_19", 835, 1825, "T", "DIP", "NET_26", "", "C", 62.992, 62.992, 35.434, 35.434, 0],
		[105, "U2_19", 835, 1825, "B", "DIP", "NET_26", "", "C", 62.992, 62.992, 35.434, 35.434, 0],
		[106, "U2_20", 935, 1825, "T", "DIP", "NET_27", "", "C", 62.992, 62.992, 35.434, 35.434, 0],
		[107, "U2_20", 935, 1825, "B", "DIP", "NET_27", "", "C", 62.992, 62.992, 35.434, 35.434, 0],
		[108, "U2_21", 1035, 1825, "T", "DIP", "NET_28", "", "C", 62.992, 62.992, 35.434, 35.434, 0],
		[109, "U2_21", 1035, 1825, "B", "DIP", "NET_28", "", "C", 62.992, 62.992, 35.434, 35.434, 0],
		[110, "U2_22", 1135, 1825, "T", "DIP", "NET_29", "", "C", 62.992, 62.992, 35.434, 35.434, 0],
		[111, "U2_22", 1135, 1825, "B", "DIP", "NET_29", "", "C", 62.992, 62.992, 35.434, 35.434, 0],
		[112, "U2_23", 1235, 1825, "T", "DIP", "NET_30", "", "C", 62.992, 62.992, 35.434, 35.434, 0],
		[113, "U2_23", 1235, 1825, "B", "DIP", "NET_30", "", "C", 62.992, 62.992, 35.434, 35.434, 0],
		[114, "U2_24", 1335, 1825, "T", "DIP", "NET_31", "", "C", 62.992, 62.992, 35.434, 35.434, 0],
		[115, "U2_24", 1335, 1825, "B", "DIP", "NET_31", "", "C", 62.992, 62.992, 35.434, 35.434, 0],
		[116, "U2_25", 1435, 1825, "T", "DIP", "NET_32", "", "C", 62.992, 62.992, 35.434, 35.434, 0],
		[117, "U2_25", 1435, 1825, "B", "DIP", "NET_32", "", "C", 62.992, 62.992, 35.434, 35.434, 0],
		[118, "U2_26", 1535, 1825, "T", "DIP", "NET_33", "", "C", 62.992, 62.992, 35.434, 35.434, 0],
		[119, "U2_26", 1535, 1825, "B", "DIP", "NET_33", "", "C", 62.992, 62.992, 35.434, 35.434, 0],
		[120, "U2_27", 1635, 1825, "T", "DIP", "NET_34", "", "C", 62.992, 62.992, 35.434, 35.434, 0],
		[121, "U2_27", 1635, 1825, "B", "DIP", "NET_34", "", "C", 62.992, 62.992, 35.434, 35.434, 0],
		[122, "U2_28", 1735, 1825, "T", "DIP", "NET_35", "", "C", 62.992, 62.992, 35.434, 35.434, 0],
		[123, "U2_28", 1735, 1825, "B", "DIP", "NET_35", "", "C", 62.992, 62.992, 35.434, 35.434, 0],
		[124, "U2_29", 1835, 1825, "T", "DIP", "$1N6", "", "C", 62.992, 62.992, 35.434, 35.434, 0],
		[125, "U2_29", 1835, 1825, "B", "DIP", "$1N6", "", "C", 62.992, 62.992, 35.434, 35.434, 0],
		[126, "U2_30", 1935, 1825, "T", "DIP", "$1N5", "", "R", 62.992, 62.992, 35.434, 35.434, 0],
		[127, "U2_30", 1935, 1825, "B", "DIP", "$1N5", "", "R", 62.992, 62.992, 35.434, 35.434, 0],
		[128, "U4_1", 2286.03, 1372.95, "T", "DIP", "$1N5", "", "R", 100, 100, 39.37, 39.57, 90],
		[129, "U4_1", 2286.03, 1372.95, "B", "DIP", "$1N5", "", "R", 100, 100, 39.37, 39.57, 90],
		[130, "U4_2", 2986.03, 1372.95, "T", "DIP", "$1N6", "", "C", 100, 100, 39.37, 39.57, 90],
		[131, "U4_2", 2986.03, 1372.95, "B", "DIP", "$1N6", "", "C", 100, 100, 39.37, 39.57, 90],
		[132, "U4_3", 2986.03, 2972.95, "T", "DIP", "$1N725", "", "C", 100, 100, 39.37, 39.57, 90],
		[133, "U4_3", 2986.03, 2972.95, "B", "DIP", "$1N725", "", "C", 100, 100, 39.37, 39.57, 90],
		[134, "U4_4", 2286.03, 2972.95, "T", "DIP", "$1N718", "", "C", 100, 100, 39.37, 39.57, 90],
		[135, "U4_4", 2286.03, 2972.95, "B", "DIP", "$1N718", "", "C", 100, 100, 39.37, 39.57, 90],
		[136, "U5_1", 467.64, 1550.157, "T", "SMD", "NET_36", "", "R", 70.866, 43.307, 0, 0, 0],
		[137, "U5_2", 672.36, 1550.157, "T", "SMD", "$1N7", "", "R", 70.866, 43.307, 0, 0, 0],
		[138, "U5_3", 467.64, 1419.847, "T", "SMD", "$1N8", "", "R", 70.866, 43.307, 0, 0, 0],
		[139, "U5_4", 672.36, 1420.237, "T", "SMD", "NET_37", "", "R", 70.866, 43.307, 0, 0, 0],
		[140, "PAD1_IN+", 2100, 1495, "T", "DIP", "$1N2", "", "R", 118.11, 118.11, 78.74, 78.94, 0],
		[141, "PAD1_IN+", 2100, 1495, "B", "DIP", "$1N2", "", "R", 118.11, 118.11, 78.74, 78.94, 0],
		[142, "PAD2_IN-", 2100, 1195, "T", "DIP", "$1N861", "", "R", 118.11, 118.11, 78.74, 78.94, 0],
		[143, "PAD2_IN-", 2100, 1195, "B", "DIP", "$1N861", "", "R", 118.11, 118.11, 78.74, 78.94, 0],
		[144, "PAD3_OUT-", 900, 1195, "T", "DIP", "$1N6", "", "R", 118.11, 118.11, 78.74, 78.94, 0],
		[145, "PAD3_OUT-", 900, 1195, "B", "DIP", "$1N6", "", "R", 118.11, 118.11, 78.74, 78.94, 0],
		[146, "PAD4_OUT+", 900, 1495, "T", "DIP", "$1N5", "", "R", 118.11, 118.11, 78.74, 78.94, 0],
		[147, "PAD4_OUT+", 900, 1495, "B", "DIP", "$1N5", "", "R", 118.11, 118.11, 78.74, 78.94, 0],
		[148, "PAD5_29", 1835, 1825, "T", "DIP", "$1N6", "", "C", 62.992, 62.992, 35.434, 35.434, 0],
		[149, "PAD5_29", 1835, 1825, "B", "DIP", "$1N6", "", "C", 62.992, 62.992, 35.434, 35.434, 0],
		[150, "PAD6_17", 635, 1825, "T", "DIP", "$1N886", "", "C", 62.992, 62.992, 35.434, 35.434, 0],
		[151, "PAD6_17", 635, 1825, "B", "DIP", "$1N886", "", "C", 62.992, 62.992, 35.434, 35.434, 0],
		[152, "PAD7_11", 935, 2425, "T", "DIP", "$1N654", "", "C", 62.992, 62.992, 35.434, 35.434, 0],
		[153, "PAD7_11", 935, 2425, "B", "DIP", "$1N654", "", "C", 62.992, 62.992, 35.434, 35.434, 0],
		[154, "PAD8_7", 1335, 2425, "T", "DIP", "$1N11", "", "C", 62.992, 62.992, 35.434, 35.434, 0],
		[155, "PAD8_7", 1335, 2425, "B", "DIP", "$1N11", "", "C", 62.992, 62.992, 35.434, 35.434, 0],
		[156, "PAD9_5", 1535, 2425, "T", "DIP", "$1N7", "", "C", 62.992, 62.992, 35.434, 35.434, 0],
		[157, "PAD9_5", 1535, 2425, "B", "DIP", "$1N7", "", "C", 62.992, 62.992, 35.434, 35.434, 0],
		[158, "PAD10_4", 1635, 2425, "T", "DIP", "$1N8", "", "C", 62.992, 62.992, 35.434, 35.434, 0],
		[159, "PAD10_4", 1635, 2425, "B", "DIP", "$1N8", "", "C", 62.992, 62.992, 35.434, 35.434, 0],
		[160, "PAD11_8", 1235, 2425, "T", "DIP", "$1N12", "", "C", 62.992, 62.992, 35.434, 35.434, 0],
		[161, "PAD11_8", 1235, 2425, "B", "DIP", "$1N12", "", "C", 62.992, 62.992, 35.434, 35.434, 0],
		[162, "PAD12_10", 1035, 2425, "T", "DIP", "$1N646", "", "C", 62.992, 62.992, 35.434, 35.434, 0],
		[163, "PAD12_10", 1035, 2425, "B", "DIP", "$1N646", "", "C", 62.992, 62.992, 35.434, 35.434, 0],
		[164, "PAD13_30", 1935, 1825, "T", "DIP", "$1N5", "", "R", 62.992, 62.992, 35.434, 35.434, 0],
		[165, "PAD13_30", 1935, 1825, "B", "DIP", "$1N5", "", "R", 62.992, 62.992, 35.434, 35.434, 0],
		[166, "PAD14_4", 2286.03, 2972.95, "T", "DIP", "$1N718", "", "C", 100, 100, 39.37, 39.57, 90],
		[167, "PAD14_4", 2286.03, 2972.95, "B", "DIP", "$1N718", "", "C", 100, 100, 39.37, 39.57, 90],
		[168, "PAD15_3", 2986.03, 2972.95, "T", "DIP", "$1N725", "", "C", 100, 100, 39.37, 39.57, 90],
		[169, "PAD15_3", 2986.03, 2972.95, "B", "DIP", "$1N725", "", "C", 100, 100, 39.37, 39.57, 90],
		[170, "PAD16_2", 2986.03, 1372.95, "T", "DIP", "$1N6", "", "C", 100, 100, 39.37, 39.57, 90],
		[171, "PAD16_2", 2986.03, 1372.95, "B", "DIP", "$1N6", "", "C", 100, 100, 39.37, 39.57, 90],
		[172, "PAD17_1", 2286.03, 1372.95, "T", "DIP", "$1N5", "", "R", 100, 100, 39.37, 39.57, 90],
		[173, "PAD17_1", 2286.03, 1372.95, "B", "DIP", "$1N5", "", "R", 100, 100, 39.37, 39.57, 90],
		[174, "PAD18_2", 672.36, 1550.157, "T", "SMD", "$1N7", "", "R", 70.866, 43.307, 0, 0, 0],
		[175, "PAD19_3", 467.64, 1419.847, "T", "SMD", "$1N8", "", "R", 70.866, 43.307, 0, 0, 0],
		[176, "PAD20_1", 1870, 3075, "T", "DIP", "$1N725", "", "C", 60, 60, 36, 36, 180],
		[177, "PAD20_1", 1870, 3075, "B", "DIP", "$1N725", "", "C", 60, 60, 36, 36, 180],
		[178, "PAD21_2", 1870, 2780, "T", "DIP", "$1N718", "", "C", 60, 60, 36, 36, 180],
		[179, "PAD21_2", 1870, 2780, "B", "DIP", "$1N718", "", "C", 60, 60, 36, 36, 180],
		[180, "PAD22_2", 1505, 3135, "T", "SMD", "$1N718", "", "R", 62.992, 62.992, 0, 0, 0],
		[181, "PAD23_1", 1505, 3235, "T", "DIP", "$1N725", "", "R", 62.992, 62.992, 31.496, 31.496, 0],
		[182, "PAD23_1", 1505, 3235, "B", "DIP", "$1N725", "", "R", 62.992, 62.992, 31.496, 31.496, 0],
		[183, "PAD24_1", 3010, 3215, "T", "DIP", "$1N886", "", "C", 60, 60, 36, 36, 0],
		[184, "PAD24_1", 3010, 3215, "B", "DIP", "$1N886", "", "C", 60, 60, 36, 36, 0],
		[185, "PAD25_2", 2910, 3215, "T", "DIP", "$1N12", "", "C", 60, 60, 36, 36, 0],
		[186, "PAD25_2", 2910, 3215, "B", "DIP", "$1N12", "", "C", 60, 60, 36, 36, 0],
		[187, "PAD26_3", 2810, 3215, "T", "DIP", "$1N11", "", "C", 60, 60, 36, 36, 0],
		[188, "PAD26_3", 2810, 3215, "B", "DIP", "$1N11", "", "C", 60, 60, 36, 36, 0],
		[189, "PAD27_4", 2710, 3215, "T", "DIP", "$1N6", "", "C", 60, 60, 36, 36, 0],
		[190, "PAD27_4", 2710, 3215, "B", "DIP", "$1N6", "", "C", 60, 60, 36, 36, 0],
		[191, "PAD28_GND", 3223.07, 1164.1, "T", "DIP", "$1N725", "", "C", 51.5, 51.5, 31.5, 31.7, 0],
		[192, "PAD28_GND", 3223.07, 1164.1, "B", "DIP", "$1N725", "", "C", 51.5, 51.5, 31.5, 31.7, 0],
		[193, "PAD29_TX", 3223.07, 1262.52, "T", "DIP", "$1N646", "", "C", 51.5, 51.5, 31.5, 31.7, 0],
		[194, "PAD29_TX", 3223.07, 1262.52, "B", "DIP", "$1N646", "", "C", 51.5, 51.5, 31.5, 31.7, 0],
		[195, "PAD30_RX", 3223.07, 1360.95, "T", "DIP", "$1N654", "", "C", 51.5, 51.5, 31.5, 31.7, 0],
		[196, "PAD30_RX", 3223.07, 1360.95, "B", "DIP", "$1N654", "", "C", 51.5, 51.5, 31.5, 31.7, 0],
		[197, "PAD31_VCC", 3223.07, 1557.8, "T", "DIP", "$1N718", "", "C", 51.5, 51.5, 31.5, 31.7, 0],
		[198, "PAD31_VCC", 3223.07, 1557.8, "B", "DIP", "$1N718", "", "C", 51.5, 51.5, 31.5, 31.7, 0],
		[199, "PAD32_6", 1256.69, 3226.22, "T", "DIP", "$1N2", "", "R", 94.488, 94.488, 39.37, 39.37, 90],
		[200, "PAD32_6", 1256.69, 3226.22, "B", "DIP", "$1N2", "", "R", 94.488, 94.488, 39.37, 39.37, 90],
		[201, "PAD33_3", 1256.69, 2683.66, "T", "DIP", "$1N849", "", "C", 94.488, 94.488, 39.37, 39.37, 180],
		[202, "PAD33_3", 1256.69, 2683.66, "B", "DIP", "$1N849", "", "C", 94.488, 94.488, 39.37, 39.37, 180],
		[203, "PAD34_2", 930, 3165, "T", "DIP", "$1N849", "", "O", 90.551, 47.244, 23.622, 66.929, 0],
		[204, "PAD34_2", 930, 3165, "B", "DIP", "$1N849", "", "O", 90.551, 47.244, 23.622, 66.929, 0],
		[205, "PAD35_3", 1048.11, 3165, "T", "DIP", "$1N861", "", "O", 90.551, 47.244, 23.622, 66.929, 0],
		[206, "PAD35_3", 1048.11, 3165, "B", "DIP", "$1N861", "", "O", 90.551, 47.244, 23.622, 66.929, 0]
	]
}
}